<?xml version="1.0" encoding="utf-8"?><feed xmlns="http://www.w3.org/2005/Atom" ><generator uri="https://jekyllrb.com/" version="3.8.5">Jekyll</generator><link href="https://yuanzhou-yzhou.github.io/feed.xml" rel="self" type="application/atom+xml" /><link href="https://yuanzhou-yzhou.github.io/" rel="alternate" type="text/html" /><updated>2019-12-11T14:40:25+08:00</updated><id>https://yuanzhou-yzhou.github.io/feed.xml</id><title type="html">Dr. Yuan Zhou’s Homepage</title><subtitle>Research Fellow at Nangyang Technolgoical University</subtitle><author><name>Yuan Zhou</name><email>y.zhou@ntu.edu.sg</email></author><entry><title type="html">Future Blog Post</title><link href="https://yuanzhou-yzhou.github.io/posts/2012/08/blog-post-4/" rel="alternate" type="text/html" title="Future Blog Post" /><published>2199-01-01T00:00:00+08:00</published><updated>2199-01-01T00:00:00+08:00</updated><id>https://yuanzhou-yzhou.github.io/posts/2012/08/future-post</id><content type="html" xml:base="https://yuanzhou-yzhou.github.io/posts/2012/08/blog-post-4/">&lt;p&gt;This post will show up by default. To disable scheduling of future posts, edit &lt;code class=&quot;highlighter-rouge&quot;&gt;config.yml&lt;/code&gt; and set &lt;code class=&quot;highlighter-rouge&quot;&gt;future: false&lt;/code&gt;.&lt;/p&gt;</content><author><name>Yuan Zhou</name><email>y.zhou@ntu.edu.sg</email></author><category term="cool posts" /><category term="category1" /><category term="category2" /><summary type="html">This post will show up by default. To disable scheduling of future posts, edit config.yml and set future: false.</summary></entry><entry><title type="html">Blog Post number 4</title><link href="https://yuanzhou-yzhou.github.io/posts/2012/08/blog-post-4/" rel="alternate" type="text/html" title="Blog Post number 4" /><published>2015-08-14T00:00:00+08:00</published><updated>2015-08-14T00:00:00+08:00</updated><id>https://yuanzhou-yzhou.github.io/posts/2012/08/blog-post-4</id><content type="html" xml:base="https://yuanzhou-yzhou.github.io/posts/2012/08/blog-post-4/">&lt;p&gt;This is a sample blog post. Lorem ipsum I can’t remember the rest of lorem ipsum and don’t have an internet connection right now. Testing testing testing this blog post. Blog posts are cool.&lt;/p&gt;

&lt;h1 id=&quot;headings-are-cool&quot;&gt;Headings are cool&lt;/h1&gt;

&lt;h1 id=&quot;you-can-have-many-headings&quot;&gt;You can have many headings&lt;/h1&gt;

&lt;h2 id=&quot;arent-headings-cool&quot;&gt;Aren’t headings cool?&lt;/h2&gt;</content><author><name>Yuan Zhou</name><email>y.zhou@ntu.edu.sg</email></author><category term="cool posts" /><category term="category1" /><category term="category2" /><summary type="html">This is a sample blog post. Lorem ipsum I can’t remember the rest of lorem ipsum and don’t have an internet connection right now. Testing testing testing this blog post. Blog posts are cool.</summary></entry><entry><title type="html">Blog Post number 3</title><link href="https://yuanzhou-yzhou.github.io/posts/2014/08/blog-post-3/" rel="alternate" type="text/html" title="Blog Post number 3" /><published>2014-08-14T00:00:00+08:00</published><updated>2014-08-14T00:00:00+08:00</updated><id>https://yuanzhou-yzhou.github.io/posts/2014/08/blog-post-3</id><content type="html" xml:base="https://yuanzhou-yzhou.github.io/posts/2014/08/blog-post-3/">&lt;p&gt;This is a sample blog post. Lorem ipsum I can’t remember the rest of lorem ipsum and don’t have an internet connection right now. Testing testing testing this blog post. Blog posts are cool.&lt;/p&gt;

&lt;h1 id=&quot;headings-are-cool&quot;&gt;Headings are cool&lt;/h1&gt;

&lt;h1 id=&quot;you-can-have-many-headings&quot;&gt;You can have many headings&lt;/h1&gt;

&lt;h2 id=&quot;arent-headings-cool&quot;&gt;Aren’t headings cool?&lt;/h2&gt;</content><author><name>Yuan Zhou</name><email>y.zhou@ntu.edu.sg</email></author><category term="cool posts" /><category term="category1" /><category term="category2" /><summary type="html">This is a sample blog post. Lorem ipsum I can’t remember the rest of lorem ipsum and don’t have an internet connection right now. Testing testing testing this blog post. Blog posts are cool.</summary></entry><entry><title type="html">Blog Post number 2</title><link href="https://yuanzhou-yzhou.github.io/posts/2013/08/blog-post-2/" rel="alternate" type="text/html" title="Blog Post number 2" /><published>2013-08-14T00:00:00+08:00</published><updated>2013-08-14T00:00:00+08:00</updated><id>https://yuanzhou-yzhou.github.io/posts/2013/08/blog-post-2</id><content type="html" xml:base="https://yuanzhou-yzhou.github.io/posts/2013/08/blog-post-2/">&lt;p&gt;This is a sample blog post. Lorem ipsum I can’t remember the rest of lorem ipsum and don’t have an internet connection right now. Testing testing testing this blog post. Blog posts are cool.&lt;/p&gt;

&lt;h1 id=&quot;headings-are-cool&quot;&gt;Headings are cool&lt;/h1&gt;

&lt;h1 id=&quot;you-can-have-many-headings&quot;&gt;You can have many headings&lt;/h1&gt;

&lt;h2 id=&quot;arent-headings-cool&quot;&gt;Aren’t headings cool?&lt;/h2&gt;</content><author><name>Yuan Zhou</name><email>y.zhou@ntu.edu.sg</email></author><category term="cool posts" /><category term="category1" /><category term="category2" /><summary type="html">This is a sample blog post. Lorem ipsum I can’t remember the rest of lorem ipsum and don’t have an internet connection right now. Testing testing testing this blog post. Blog posts are cool.</summary></entry><entry><title type="html">Blog Post number 1</title><link href="https://yuanzhou-yzhou.github.io/posts/2012/08/blog-post-1/" rel="alternate" type="text/html" title="Blog Post number 1" /><published>2012-08-14T00:00:00+08:00</published><updated>2012-08-14T00:00:00+08:00</updated><id>https://yuanzhou-yzhou.github.io/posts/2012/08/blog-post-1</id><content type="html" xml:base="https://yuanzhou-yzhou.github.io/posts/2012/08/blog-post-1/">&lt;p&gt;This is a sample blog post. Lorem ipsum I can’t remember the rest of lorem ipsum and don’t have an internet connection right now. Testing testing testing this blog post. Blog posts are cool.&lt;/p&gt;

&lt;h1 id=&quot;headings-are-cool&quot;&gt;Headings are cool&lt;/h1&gt;

&lt;h1 id=&quot;you-can-have-many-headings&quot;&gt;You can have many headings&lt;/h1&gt;

&lt;h2 id=&quot;arent-headings-cool&quot;&gt;Aren’t headings cool?&lt;/h2&gt;</content><author><name>Yuan Zhou</name><email>y.zhou@ntu.edu.sg</email></author><category term="cool posts" /><category term="category1" /><category term="category2" /><summary type="html">This is a sample blog post. Lorem ipsum I can’t remember the rest of lorem ipsum and don’t have an internet connection right now. Testing testing testing this blog post. Blog posts are cool.</summary></entry></feed>